provinceID,cityID,districtID,townID,villageID,nameVillage,nameTown,nameDistrict,nameCity,oldID,voteID,id
01,000,00,001,0001,建民里,北投區,臺北市,臺北市,01000001001,200601,63000120001
01,000,00,001,0002,文林里,北投區,臺北市,臺北市,01000001002,200601,63000120002
01,000,00,001,0003,石牌里,北投區,臺北市,臺北市,01000001003,200601,63000120003
01,000,00,001,0004,福興里,北投區,臺北市,臺北市,01000001004,200601,63000120004
01,000,00,001,0005,榮光里,北投區,臺北市,臺北市,01000001005,200601,63000120005
01,000,00,001,0006,榮華里,北投區,臺北市,臺北市,01000001006,200601,63000120006
01,000,00,001,0007,裕民里,北投區,臺北市,臺北市,01000001007,200601,63000120007
01,000,00,001,0008,振華里,北投區,臺北市,臺北市,01000001008,200601,63000120008
01,000,00,001,0009,永和里,北投區,臺北市,臺北市,01000001009,200601,63000120009
01,000,00,001,0010,永欣里,北投區,臺北市,臺北市,01000001010,200601,63000120010
01,000,00,001,0011,永明里,北投區,臺北市,臺北市,01000001011,200601,63000120011
01,000,00,001,0012,東華里,北投區,臺北市,臺北市,01000001012,200601,63000120012
01,000,00,001,0013,吉利里,北投區,臺北市,臺北市,01000001013,200601,63000120013
01,000,00,001,0014,吉慶里,北投區,臺北市,臺北市,01000001014,200601,63000120014
01,000,00,001,0015,尊賢里,北投區,臺北市,臺北市,01000001015,200601,63000120015
01,000,00,001,0016,立賢里,北投區,臺北市,臺北市,01000001016,200601,63000120016
01,000,00,001,0017,立農里,北投區,臺北市,臺北市,01000001017,200601,63000120017
01,000,00,001,0018,八仙里,北投區,臺北市,臺北市,01000001018,200601,63000120018
01,000,00,001,0019,洲美里,北投區,臺北市,臺北市,01000001019,200601,63000120019
01,000,00,001,0020,奇岩里,北投區,臺北市,臺北市,01000001020,200601,63000120020
01,000,00,001,0021,清江里,北投區,臺北市,臺北市,01000001021,200601,63000120021
01,000,00,001,0022,中央里,北投區,臺北市,臺北市,01000001022,200601,63000120022
01,000,00,001,0023,長安里,北投區,臺北市,臺北市,01000001023,200601,63000120023
01,000,00,001,0024,大同里,北投區,臺北市,臺北市,01000001024,200601,63000120024
01,000,00,001,0025,溫泉里,北投區,臺北市,臺北市,01000001025,200601,63000120025
01,000,00,001,0026,林泉里,北投區,臺北市,臺北市,01000001026,200601,63000120026
01,000,00,001,0027,中心里,北投區,臺北市,臺北市,01000001027,200601,63000120027
01,000,00,001,0028,中庸里,北投區,臺北市,臺北市,01000001028,200601,63000120028
01,000,00,001,0029,開明里,北投區,臺北市,臺北市,01000001029,200601,63000120029
01,000,00,001,0030,中和里,北投區,臺北市,臺北市,01000001030,200601,63000120030
01,000,00,001,0031,智仁里,北投區,臺北市,臺北市,01000001031,200601,63000120031
01,000,00,001,0032,秀山里,北投區,臺北市,臺北市,01000001032,200601,63000120032
01,000,00,001,0033,文化里,北投區,臺北市,臺北市,01000001033,200601,63000120033
01,000,00,001,0034,豐年里,北投區,臺北市,臺北市,01000001034,200601,63000120034
01,000,00,001,0035,稻香里,北投區,臺北市,臺北市,01000001035,200601,63000120035
01,000,00,001,0036,桃源里,北投區,臺北市,臺北市,01000001036,200601,63000120036
01,000,00,001,0037,一德里,北投區,臺北市,臺北市,01000001037,200601,63000120037
01,000,00,001,0038,關渡里,北投區,臺北市,臺北市,01000001038,200601,63000120038
01,000,00,001,0039,泉源里,北投區,臺北市,臺北市,01000001039,200601,63000120039
01,000,00,001,0040,湖山里,北投區,臺北市,臺北市,01000001040,200601,63000120040
01,000,00,001,0041,大屯里,北投區,臺北市,臺北市,01000001041,200601,63000120041
01,000,00,001,0042,湖田里,北投區,臺北市,臺北市,01000001042,200601,63000120042
01,000,00,002,0043,仁勇里,士林區,臺北市,臺北市,01000002043,200601,63000110001
01,000,00,002,0044,義信里,士林區,臺北市,臺北市,01000002044,200601,63000110002
01,000,00,002,0045,福林里,士林區,臺北市,臺北市,01000002045,200601,63000110003
01,000,00,002,0046,福德里,士林區,臺北市,臺北市,01000002046,200601,63000110004
01,000,00,002,0047,福志里,士林區,臺北市,臺北市,01000002047,200601,63000110005
01,000,00,002,0048,舊佳里,士林區,臺北市,臺北市,01000002048,200601,63000110006
01,000,00,002,0049,福佳里,士林區,臺北市,臺北市,01000002049,200601,63000110007
01,000,00,002,0050,後港里,士林區,臺北市,臺北市,01000002050,200601,63000110008
01,000,00,002,0051,福中里,士林區,臺北市,臺北市,01000002051,200601,63000110009
01,000,00,002,0052,前港里,士林區,臺北市,臺北市,01000002052,200601,63000110010
01,000,00,002,0053,百齡里,士林區,臺北市,臺北市,01000002053,200601,63000110011
01,000,00,002,0054,承德里,士林區,臺北市,臺北市,01000002054,200601,63000110012
01,000,00,002,0055,福華里,士林區,臺北市,臺北市,01000002055,200601,63000110013
01,000,00,002,0056,明勝里,士林區,臺北市,臺北市,01000002056,200601,63000110014
01,000,00,002,0057,福順里,士林區,臺北市,臺北市,01000002057,200601,63000110015
01,000,00,002,0058,富光里,士林區,臺北市,臺北市,01000002058,200601,63000110016
01,000,00,002,0059,葫蘆里,士林區,臺北市,臺北市,01000002059,200601,63000110017
01,000,00,002,0060,葫東里,士林區,臺北市,臺北市,01000002060,200601,63000110018
01,000,00,002,0061,社子里,士林區,臺北市,臺北市,01000002061,200601,63000110019
01,000,00,002,0062,社新里,士林區,臺北市,臺北市,01000002062,200601,63000110020
01,000,00,002,0063,社園里,士林區,臺北市,臺北市,01000002063,200601,63000110021
01,000,00,002,0064,永倫里,士林區,臺北市,臺北市,01000002064,200601,63000110022
01,000,00,002,0065,福安里,士林區,臺北市,臺北市,01000002065,200601,63000110023
01,000,00,002,0066,富洲里,士林區,臺北市,臺北市,01000002066,200601,63000110024
01,000,00,002,0067,岩山里,士林區,臺北市,臺北市,01000002067,200601,63000110025
01,000,00,002,0068,名山里,士林區,臺北市,臺北市,01000002068,200601,63000110026
01,000,00,002,0069,德行里,士林區,臺北市,臺北市,01000002069,200601,63000110027
01,000,00,002,0070,德華里,士林區,臺北市,臺北市,01000002070,200601,63000110028
01,000,00,002,0071,聖山里,士林區,臺北市,臺北市,01000002071,200601,63000110029
01,000,00,002,0072,忠誠里,士林區,臺北市,臺北市,01000002072,200601,63000110030
01,000,00,002,0073,芝山里,士林區,臺北市,臺北市,01000002073,200601,63000110031
01,000,00,002,0074,東山里,士林區,臺北市,臺北市,01000002074,200601,63000110032
01,000,00,002,0075,三玉里,士林區,臺北市,臺北市,01000002075,200601,63000110033
01,000,00,002,0076,蘭雅里,士林區,臺北市,臺北市,01000002076,200601,63000110034
01,000,00,002,0077,蘭興里,士林區,臺北市,臺北市,01000002077,200601,63000110035
01,000,00,002,0078,天福里,士林區,臺北市,臺北市,01000002078,200601,63000110036
01,000,00,002,0079,天祿里,士林區,臺北市,臺北市,01000002079,200601,63000110037
01,000,00,002,0080,天壽里,士林區,臺北市,臺北市,01000002080,200601,63000110038
01,000,00,002,0081,天和里,士林區,臺北市,臺北市,01000002081,200601,63000110039
01,000,00,002,0082,天山里,士林區,臺北市,臺北市,01000002082,200601,63000110040
01,000,00,002,0083,天玉里,士林區,臺北市,臺北市,01000002083,200601,63000110041
01,000,00,002,0084,天母里,士林區,臺北市,臺北市,01000002084,200601,63000110042
01,000,00,002,0085,永福里,士林區,臺北市,臺北市,01000002085,200601,63000110043
01,000,00,002,0086,公館里,士林區,臺北市,臺北市,01000002086,200601,63000110044
01,000,00,002,0087,新安里,士林區,臺北市,臺北市,01000002087,200601,63000110045
01,000,00,002,0088,陽明里,士林區,臺北市,臺北市,01000002088,200601,63000110046
01,000,00,002,0089,菁山里,士林區,臺北市,臺北市,01000002089,200601,63000110047
01,000,00,002,0090,平等里,士林區,臺北市,臺北市,01000002090,200601,63000110048
01,000,00,002,0091,溪山里,士林區,臺北市,臺北市,01000002091,200601,63000110049
01,000,00,002,0092,翠山里,士林區,臺北市,臺北市,01000002092,200601,63000110050
01,000,00,002,0093,臨溪里,士林區,臺北市,臺北市,01000002093,200601,63000110051
01,000,00,003,0094,西湖里,內湖區,臺北市,臺北市,01000003094,200601,63000100001
01,000,00,003,0095,西康里,內湖區,臺北市,臺北市,01000003095,200601,63000100002
01,000,00,003,0096,西安里,內湖區,臺北市,臺北市,01000003096,200601,63000100003
01,000,00,003,0097,港墘里,內湖區,臺北市,臺北市,01000003097,200601,63000100005
01,000,00,003,0098,港都里,內湖區,臺北市,臺北市,01000003098,200601,63000100006
01,000,00,003,0099,麗山里,內湖區,臺北市,臺北市,01000003099,200601,63000100038
01,000,00,003,0100,港富里,內湖區,臺北市,臺北市,01000003100,200601,63000100007
01,000,00,003,0101,港華里,內湖區,臺北市,臺北市,01000003101,200601,63000100008
01,000,00,003,0102,內湖里,內湖區,臺北市,臺北市,01000003102,200601,63000100009
01,000,00,003,0103,湖濱里,內湖區,臺北市,臺北市,01000003103,200601,63000100010
01,000,00,003,0104,大湖里,內湖區,臺北市,臺北市,01000003104,200601,63000100012
01,000,00,003,0105,秀湖里,內湖區,臺北市,臺北市,01000003105,200601,63000100032
01,000,00,003,0106,金龍里,內湖區,臺北市,臺北市,01000003106,200601,63000100013
01,000,00,003,0107,金瑞里,內湖區,臺北市,臺北市,01000003107,200601,63000100014
01,000,00,003,0108,碧山里,內湖區,臺北市,臺北市,01000003108,200601,63000100015
01,000,00,003,0109,瑞光里,內湖區,臺北市,臺北市,01000003109,200601,63000100021
01,000,00,003,0110,瑞陽里,內湖區,臺北市,臺北市,01000003110,200601,63000100020
01,000,00,003,0111,紫陽里,內湖區,臺北市,臺北市,01000003111,200601,63000100019
01,000,00,003,0112,紫星里,內湖區,臺北市,臺北市,01000003112,200601,63000100011
01,000,00,003,0113,紫雲里,內湖區,臺北市,臺北市,01000003113,200601,63000100016
01,000,00,003,0114,清白里,內湖區,臺北市,臺北市,01000003114,200601,63000100017
01,000,00,003,0115,金湖里,內湖區,臺北市,臺北市,01000003115,200601,63000100034
01,000,00,003,0116,葫洲里,內湖區,臺北市,臺北市,01000003116,200601,63000100018
01,000,00,003,0117,康寧里,內湖區,臺北市,臺北市,01000003117,200601,63000100035
01,000,00,003,0118,明湖里,內湖區,臺北市,臺北市,01000003118,200601,63000100036
01,000,00,003,0119,五分里,內湖區,臺北市,臺北市,01000003119,200601,63000100022
01,000,00,003,0120,東湖里,內湖區,臺北市,臺北市,01000003120,200601,63000100023
01,000,00,003,0121,安湖里,內湖區,臺北市,臺北市,01000003121,200601,63000100031
01,000,00,003,0122,樂康里,內湖區,臺北市,臺北市,01000003122,200601,63000100024
01,000,00,003,0123,內溝里,內湖區,臺北市,臺北市,01000003123,200601,63000100025
01,000,00,003,0124,安泰里,內湖區,臺北市,臺北市,01000003124,200601,63000100033
01,000,00,003,0125,蘆洲里,內湖區,臺北市,臺北市,01000003125,200601,63000100037
01,000,00,003,0126,週美里,內湖區,臺北市,臺北市,01000003126,200601,63000100026
01,000,00,003,0127,行善里,內湖區,臺北市,臺北市,01000003127,200601,63000100027
01,000,00,003,0128,石潭里,內湖區,臺北市,臺北市,01000003128,200601,63000100028
01,000,00,003,0129,湖興里,內湖區,臺北市,臺北市,01000003129,200601,63000100029
01,000,00,003,0130,湖元里,內湖區,臺北市,臺北市,01000003130,200601,63000100030
01,000,00,004,0131,南港里,南港區,臺北市,臺北市,01000004131,200601,63000090001
01,000,00,004,0132,中南里,南港區,臺北市,臺北市,01000004132,200601,63000090002
01,000,00,004,0133,三重里,南港區,臺北市,臺北市,01000004133,200601,63000090004
01,000,00,004,0134,新富里,南港區,臺北市,臺北市,01000004134,200601,63000090003
01,000,00,004,0135,東新里,南港區,臺北市,臺北市,01000004135,200601,63000090005
01,000,00,004,0136,東明里,南港區,臺北市,臺北市,01000004136,200601,63000090007
01,000,00,004,0137,玉成里,南港區,臺北市,臺北市,01000004137,200601,63000090009
01,000,00,004,0138,中研里,南港區,臺北市,臺北市,01000004138,200601,63000090017
01,000,00,004,0139,九如里,南港區,臺北市,臺北市,01000004139,200601,63000090018
01,000,00,004,0140,舊莊里,南港區,臺北市,臺北市,01000004140,200601,63000090016
01,000,00,004,0141,西新里,南港區,臺北市,臺北市,01000004141,200601,63000090008
01,000,00,004,0142,合成里,南港區,臺北市,臺北市,01000004142,200601,63000090010
01,000,00,004,0143,新光里,南港區,臺北市,臺北市,01000004143,200601,63000090006
01,000,00,004,0144,鴻福里,南港區,臺北市,臺北市,01000004144,200601,63000090013
01,000,00,004,0145,聯成里,南港區,臺北市,臺北市,01000004145,200601,63000090015
01,000,00,004,0146,成福里,南港區,臺北市,臺北市,01000004146,200601,63000090011
01,000,00,004,0147,萬福里,南港區,臺北市,臺北市,01000004147,200601,63000090012
01,000,00,004,0148,百福里,南港區,臺北市,臺北市,01000004148,200601,63000090014
01,000,00,004,0149,仁福里,南港區,臺北市,臺北市,01000004149,200601,63000090019
01,000,00,005,0150,莊敬里,松山區,臺北市,臺北市,01000005150,200601,63000010002
01,000,00,005,0151,東榮里,松山區,臺北市,臺北市,01000005151,200601,63000010003
01,000,00,005,0152,三民里,松山區,臺北市,臺北市,01000005152,200601,63000010004
01,000,00,005,0153,新益里,松山區,臺北市,臺北市,01000005153,200601,63000010005
01,000,00,005,0154,富錦里,松山區,臺北市,臺北市,01000005154,200601,63000010006
01,000,00,005,0155,新東里,松山區,臺北市,臺北市,01000005155,200601,63000010007
01,000,00,005,0156,富泰里,松山區,臺北市,臺北市,01000005156,200601,63000010008
01,000,00,005,0157,介壽里,松山區,臺北市,臺北市,01000005157,200601,63000010009
01,000,00,005,0158,精忠里,松山區,臺北市,臺北市,01000005158,200601,63000010010
01,000,00,005,0159,東光里,松山區,臺北市,臺北市,01000005159,200601,63000010011
01,000,00,005,0160,龍田里,松山區,臺北市,臺北市,01000005160,200601,63000010012
01,000,00,005,0161,東昌里,松山區,臺北市,臺北市,01000005161,200601,63000010013
01,000,00,005,0162,東勢里,松山區,臺北市,臺北市,01000005162,200601,63000010014
01,000,00,005,0163,中華里,松山區,臺北市,臺北市,01000005163,200601,63000010015
01,000,00,005,0164,民有里,松山區,臺北市,臺北市,01000005164,200601,63000010016
01,000,00,005,0165,民福里,松山區,臺北市,臺北市,01000005165,200601,63000010017
01,000,00,005,0166,慈祐里,松山區,臺北市,臺北市,01000005166,200601,63000010018
01,000,00,005,0167,安平里,松山區,臺北市,臺北市,01000005167,200601,63000010019
01,000,00,005,0168,鵬程里,松山區,臺北市,臺北市,01000005168,200601,63000010020
01,000,00,005,0169,自強里,松山區,臺北市,臺北市,01000005169,200601,63000010021
01,000,00,005,0170,吉祥里,松山區,臺北市,臺北市,01000005170,200601,63000010022
01,000,00,005,0171,新聚里,松山區,臺北市,臺北市,01000005171,200601,63000010024
01,000,00,005,0172,復盛里,松山區,臺北市,臺北市,01000005172,200601,63000010025
01,000,00,005,0173,中正里,松山區,臺北市,臺北市,01000005173,200601,63000010026
01,000,00,005,0174,中崙里,松山區,臺北市,臺北市,01000005174,200601,63000010027
01,000,00,005,0175,美仁里,松山區,臺北市,臺北市,01000005175,200601,63000010028
01,000,00,005,0176,吉仁里,松山區,臺北市,臺北市,01000005176,200601,63000010029
01,000,00,005,0177,敦化里,松山區,臺北市,臺北市,01000005177,200601,63000010030
01,000,00,005,0178,復源里,松山區,臺北市,臺北市,01000005178,200601,63000010031
01,000,00,005,0179,復建里,松山區,臺北市,臺北市,01000005179,200601,63000010032
01,000,00,005,0180,復勢里,松山區,臺北市,臺北市,01000005180,200601,63000010033
01,000,00,005,0181,福成里,松山區,臺北市,臺北市,01000005181,200601,63000010034
01,000,00,005,0182,松基里,松山區,臺北市,臺北市,01000005182,200601,63000010035
01,000,00,006,0183,西村里,信義區,臺北市,臺北市,01000006183,200601,63000020001
01,000,00,006,0184,正和里,信義區,臺北市,臺北市,01000006184,200601,63000020002
01,000,00,006,0185,興隆里,信義區,臺北市,臺北市,01000006185,200601,63000020003
01,000,00,006,0186,中興里,信義區,臺北市,臺北市,01000006186,200601,63000020004
01,000,00,006,0187,新仁里,信義區,臺北市,臺北市,01000006187,200601,63000020005
01,000,00,006,0188,興雅里,信義區,臺北市,臺北市,01000006188,200601,63000020006
01,000,00,006,0189,敦厚里,信義區,臺北市,臺北市,01000006189,200601,63000020007
01,000,00,006,0190,廣居里,信義區,臺北市,臺北市,01000006190,200601,63000020008
01,000,00,006,0191,安康里,信義區,臺北市,臺北市,01000006191,200601,63000020009
01,000,00,006,0192,六藝里,信義區,臺北市,臺北市,01000006192,200601,63000020010
01,000,00,006,0193,雅祥里,信義區,臺北市,臺北市,01000006193,200601,63000020011
01,000,00,006,0194,五常里,信義區,臺北市,臺北市,01000006194,200601,63000020012
01,000,00,006,0195,五全里,信義區,臺北市,臺北市,01000006195,200601,63000020013
01,000,00,006,0196,永吉里,信義區,臺北市,臺北市,01000006196,200601,63000020014
01,000,00,006,0197,長春里,信義區,臺北市,臺北市,01000006197,200601,63000020015
01,000,00,006,0198,四育里,信義區,臺北市,臺北市,01000006198,200601,63000020016
01,000,00,006,0199,四維里,信義區,臺北市,臺北市,01000006199,200601,63000020017
01,000,00,006,0200,永春里,信義區,臺北市,臺北市,01000006200,200601,63000020018
01,000,00,006,0201,富台里,信義區,臺北市,臺北市,01000006201,200601,63000020019
01,000,00,006,0202,國業里,信義區,臺北市,臺北市,01000006202,200601,63000020020
01,000,00,006,0203,松隆里,信義區,臺北市,臺北市,01000006203,200601,63000020021
01,000,00,006,0204,松友里,信義區,臺北市,臺北市,01000006204,200601,63000020022
01,000,00,006,0205,松光里,信義區,臺北市,臺北市,01000006205,200601,63000020023
01,000,00,006,0206,中坡里,信義區,臺北市,臺北市,01000006206,200601,63000020024
01,000,00,006,0207,中行里,信義區,臺北市,臺北市,01000006207,200601,63000020025
01,000,00,006,0208,大道里,信義區,臺北市,臺北市,01000006208,200601,63000020026
01,000,00,006,0209,大仁里,信義區,臺北市,臺北市,01000006209,200601,63000020027
01,000,00,006,0210,景新里,信義區,臺北市,臺北市,01000006210,200601,63000020028
01,000,00,006,0211,惠安里,信義區,臺北市,臺北市,01000006211,200601,63000020029
01,000,00,006,0212,三張里,信義區,臺北市,臺北市,01000006212,200601,63000020030
01,000,00,006,0213,三犁里,信義區,臺北市,臺北市,01000006213,200601,63000020031
01,000,00,006,0214,六合里,信義區,臺北市,臺北市,01000006214,200601,63000020032
01,000,00,006,0215,泰和里,信義區,臺北市,臺北市,01000006215,200601,63000020033
01,000,00,006,0216,景聯里,信義區,臺北市,臺北市,01000006216,200601,63000020034
01,000,00,006,0217,景勤里,信義區,臺北市,臺北市,01000006217,200601,63000020035
01,000,00,006,0218,雙和里,信義區,臺北市,臺北市,01000006218,200601,63000020036
01,000,00,006,0219,嘉興里,信義區,臺北市,臺北市,01000006219,200601,63000020037
01,000,00,006,0220,黎順里,信義區,臺北市,臺北市,01000006220,200601,63000020038
01,000,00,006,0221,黎平里,信義區,臺北市,臺北市,01000006221,200601,63000020039
01,000,00,006,0222,黎忠里,信義區,臺北市,臺北市,01000006222,200601,63000020040
01,000,00,006,0223,黎安里,信義區,臺北市,臺北市,01000006223,200601,63000020041
01,000,00,007,0224,正守里,中山區,臺北市,臺北市,01000007224,200601,63000040001
01,000,00,007,0225,正義里,中山區,臺北市,臺北市,01000007225,200601,63000040002
01,000,00,007,0226,正得里,中山區,臺北市,臺北市,01000007226,200601,63000040003
01,000,00,007,0227,民安里,中山區,臺北市,臺北市,01000007227,200601,63000040004
01,000,00,007,0228,康樂里,中山區,臺北市,臺北市,01000007228,200601,63000040005
01,000,00,007,0229,中山里,中山區,臺北市,臺北市,01000007229,200601,63000040006
01,000,00,007,0230,聚盛里,中山區,臺北市,臺北市,01000007230,200601,63000040007
01,000,00,007,0231,集英里,中山區,臺北市,臺北市,01000007231,200601,63000040008
01,000,00,007,0232,聚葉里,中山區,臺北市,臺北市,01000007232,200601,63000040009
01,000,00,007,0233,恒安里,中山區,臺北市,臺北市,01000007233,200601,
01,000,00,007,0234,晴光里,中山區,臺北市,臺北市,01000007234,200601,63000040011
01,000,00,007,0235,圓山里,中山區,臺北市,臺北市,01000007235,200601,63000040012
01,000,00,007,0236,新庄里,中山區,臺北市,臺北市,01000007236,200601,63000040019
01,000,00,007,0237,劍潭里,中山區,臺北市,臺北市,01000007237,200601,63000040013
01,000,00,007,0238,大直里,中山區,臺北市,臺北市,01000007238,200601,63000040014
01,000,00,007,0239,成功里,中山區,臺北市,臺北市,01000007239,200601,63000040015
01,000,00,007,0240,永安里,中山區,臺北市,臺北市,01000007240,200601,63000040016
01,000,00,007,0241,大佳里,中山區,臺北市,臺北市,01000007241,200601,63000040017
01,000,00,007,0242,金泰里,中山區,臺北市,臺北市,01000007242,200601,63000040041
01,000,00,007,0243,北安里,中山區,臺北市,臺北市,01000007243,200601,63000040042
01,000,00,007,0244,新喜里,中山區,臺北市,臺北市,01000007244,200601,63000040018
01,000,00,007,0245,新福里,中山區,臺北市,臺北市,01000007245,200601,63000040020
01,000,00,007,0246,松江里,中山區,臺北市,臺北市,01000007246,200601,63000040021
01,000,00,007,0247,新生里,中山區,臺北市,臺北市,01000007247,200601,63000040022
01,000,00,007,0248,中庄里,中山區,臺北市,臺北市,01000007248,200601,63000040023
01,000,00,007,0249,行政里,中山區,臺北市,臺北市,01000007249,200601,63000040024
01,000,00,007,0250,行仁里,中山區,臺北市,臺北市,01000007250,200601,63000040025
01,000,00,007,0251,行孝里,中山區,臺北市,臺北市,01000007251,200601,63000040026
01,000,00,007,0252,下埤里,中山區,臺北市,臺北市,01000007252,200601,63000040027
01,000,00,007,0253,江寧里,中山區,臺北市,臺北市,01000007253,200601,63000040028
01,000,00,007,0254,江山里,中山區,臺北市,臺北市,01000007254,200601,63000040029
01,000,00,007,0255,中吉里,中山區,臺北市,臺北市,01000007255,200601,63000040030
01,000,00,007,0256,中原里,中山區,臺北市,臺北市,01000007256,200601,63000040031
01,000,00,007,0257,興亞里,中山區,臺北市,臺北市,01000007257,200601,63000040032
01,000,00,007,0258,中央里,中山區,臺北市,臺北市,01000007258,200601,63000040033
01,000,00,007,0259,朱馥里,中山區,臺北市,臺北市,01000007259,200601,63000040034
01,000,00,007,0260,龍洲里,中山區,臺北市,臺北市,01000007260,200601,63000040035
01,000,00,007,0261,朱園里,中山區,臺北市,臺北市,01000007261,200601,63000040036
01,000,00,007,0262,埤頭里,中山區,臺北市,臺北市,01000007262,200601,63000040037
01,000,00,007,0263,朱崙里,中山區,臺北市,臺北市,01000007263,200601,63000040038
01,000,00,007,0264,力行里,中山區,臺北市,臺北市,01000007264,200601,63000040039
01,000,00,007,0265,復華里,中山區,臺北市,臺北市,01000007265,200601,63000040040
01,000,00,008,0266,玉泉里,大同區,臺北市,臺北市,01000008266,200601,63000060001
01,000,00,008,0267,建明里,大同區,臺北市,臺北市,01000008267,200601,63000060002
01,000,00,008,0268,建功里,大同區,臺北市,臺北市,01000008268,200601,63000060003
01,000,00,008,0269,建泰里,大同區,臺北市,臺北市,01000008269,200601,63000060004
01,000,00,008,0270,永樂里,大同區,臺北市,臺北市,01000008270,200601,63000060005
01,000,00,008,0271,朝陽里,大同區,臺北市,臺北市,01000008271,200601,63000060006
01,000,00,008,0272,星明里,大同區,臺北市,臺北市,01000008272,200601,63000060007
01,000,00,008,0273,光能里,大同區,臺北市,臺北市,01000008273,200601,63000060008
01,000,00,008,0274,大有里,大同區,臺北市,臺北市,01000008274,200601,63000060009
01,000,00,008,0275,延平里,大同區,臺北市,臺北市,01000008275,200601,63000060010
01,000,00,008,0276,雙連里,大同區,臺北市,臺北市,01000008276,200601,63000060011
01,000,00,008,0277,南芳里,大同區,臺北市,臺北市,01000008277,200601,63000060012
01,000,00,008,0278,民權里,大同區,臺北市,臺北市,01000008278,200601,63000060013
01,000,00,008,0279,景星里,大同區,臺北市,臺北市,01000008279,200601,63000060014
01,000,00,008,0280,隆和里,大同區,臺北市,臺北市,01000008280,200601,63000060015
01,000,00,008,0281,蓬萊里,大同區,臺北市,臺北市,01000008281,200601,63000060016
01,000,00,008,0282,國順里,大同區,臺北市,臺北市,01000008282,200601,63000060017
01,000,00,008,0283,國慶里,大同區,臺北市,臺北市,01000008283,200601,63000060018
01,000,00,008,0284,揚雅里,大同區,臺北市,臺北市,01000008284,200601,63000060019
01,000,00,008,0285,斯文里,大同區,臺北市,臺北市,01000008285,200601,63000060020
01,000,00,008,0286,鄰江里,大同區,臺北市,臺北市,01000008286,200601,63000060021
01,000,00,008,0287,至聖里,大同區,臺北市,臺北市,01000008287,200601,63000060022
01,000,00,008,0288,老師里,大同區,臺北市,臺北市,01000008288,200601,63000060024
01,000,00,008,0289,重慶里,大同區,臺北市,臺北市,01000008289,200601,63000060025
01,000,00,008,0290,保安里,大同區,臺北市,臺北市,01000008290,200601,63000060026
01,000,00,009,0291,水源里,中正區,臺北市,臺北市,01000009291,200601,63000050001
01,000,00,009,0292,富水里,中正區,臺北市,臺北市,01000009292,200601,63000050002
01,000,00,009,0293,文盛里,中正區,臺北市,臺北市,01000009293,200601,63000050003
01,000,00,009,0294,林興里,中正區,臺北市,臺北市,01000009294,200601,63000050004
01,000,00,009,0295,河堤里,中正區,臺北市,臺北市,01000009295,200601,63000050005
01,000,00,009,0296,頂東里,中正區,臺北市,臺北市,01000009296,200601,63000050006
01,000,00,009,0297,網溪里,中正區,臺北市,臺北市,01000009297,200601,63000050007
01,000,00,009,0298,板溪里,中正區,臺北市,臺北市,01000009298,200601,63000050008
01,000,00,009,0299,螢圃里,中正區,臺北市,臺北市,01000009299,200601,63000050009
01,000,00,009,0300,螢雪里,中正區,臺北市,臺北市,01000009300,200601,63000050010
01,000,00,009,0301,永功里,中正區,臺北市,臺北市,01000009301,200601,63000050011
01,000,00,009,0302,永昌里,中正區,臺北市,臺北市,01000009302,200601,63000050012
01,000,00,009,0303,龍興里,中正區,臺北市,臺北市,01000009303,200601,63000050013
01,000,00,009,0304,忠勤里,中正區,臺北市,臺北市,01000009304,200601,63000050014
01,000,00,009,0305,廈安里,中正區,臺北市,臺北市,01000009305,200601,63000050015
01,000,00,009,0306,愛國里,中正區,臺北市,臺北市,01000009306,200601,63000050016
01,000,00,009,0307,南門里,中正區,臺北市,臺北市,01000009307,200601,63000050017
01,000,00,009,0308,龍光里,中正區,臺北市,臺北市,01000009308,200601,63000050018
01,000,00,009,0309,南福里,中正區,臺北市,臺北市,01000009309,200601,63000050019
01,000,00,009,0310,龍福里,中正區,臺北市,臺北市,01000009310,200601,63000050020
01,000,00,009,0311,新營里,中正區,臺北市,臺北市,01000009311,200601,63000050021
01,000,00,009,0312,建國里,中正區,臺北市,臺北市,01000009312,200601,63000050022
01,000,00,009,0313,光復里,中正區,臺北市,臺北市,01000009313,200601,63000050023
01,000,00,009,0314,黎明里,中正區,臺北市,臺北市,01000009314,200601,63000050024
01,000,00,009,0315,梅花里,中正區,臺北市,臺北市,01000009315,200601,63000050025
01,000,00,009,0316,幸福里,中正區,臺北市,臺北市,01000009316,200601,63000050026
01,000,00,009,0317,幸市里,中正區,臺北市,臺北市,01000009317,200601,63000050027
01,000,00,009,0318,東門里,中正區,臺北市,臺北市,01000009318,200601,63000050028
01,000,00,009,0319,文北里,中正區,臺北市,臺北市,01000009319,200601,63000050029
01,000,00,009,0320,文祥里,中正區,臺北市,臺北市,01000009320,200601,63000050030
01,000,00,009,0321,三愛里,中正區,臺北市,臺北市,01000009321,200601,63000050031
01,000,00,010,0322,福星里,萬華區,臺北市,臺北市,01000010322,200601,63000070001
01,000,00,010,0323,萬壽里,萬華區,臺北市,臺北市,01000010323,200601,63000070002
01,000,00,010,0324,西門里,萬華區,臺北市,臺北市,01000010324,200601,63000070003
01,000,00,010,0325,新起里,萬華區,臺北市,臺北市,01000010325,200601,63000070004
01,000,00,010,0326,菜園里,萬華區,臺北市,臺北市,01000010326,200601,63000070005
01,000,00,010,0327,青山里,萬華區,臺北市,臺北市,01000010327,200601,63000070006
01,000,00,010,0328,富民里,萬華區,臺北市,臺北市,01000010328,200601,63000070007
01,000,00,010,0329,福音里,萬華區,臺北市,臺北市,01000010329,200601,63000070008
01,000,00,010,0330,仁德里,萬華區,臺北市,臺北市,01000010330,200601,63000070009
01,000,00,010,0331,富福里,萬華區,臺北市,臺北市,01000010331,200601,63000070010
01,000,00,010,0332,柳鄉里,萬華區,臺北市,臺北市,01000010332,200601,63000070019
01,000,00,010,0333,華江里,萬華區,臺北市,臺北市,01000010333,200601,63000070018
01,000,00,010,0334,糖廍里,萬華區,臺北市,臺北市,01000010334,200601,63000070015
01,000,00,010,0335,綠堤里,萬華區,臺北市,臺北市,01000010335,200601,63000070017
01,000,00,010,0336,頂碩里,萬華區,臺北市,臺北市,01000010336,200601,63000070011
01,000,00,010,0337,雙園里,萬華區,臺北市,臺北市,01000010337,200601,63000070012
01,000,00,010,0338,和平里,萬華區,臺北市,臺北市,01000010338,200601,63000070016
01,000,00,010,0339,和德里,萬華區,臺北市,臺北市,01000010339,200601,63000070024
01,000,00,010,0340,全德里,萬華區,臺北市,臺北市,01000010340,200601,63000070026
01,000,00,010,0341,日善里,萬華區,臺北市,臺北市,01000010341,200601,63000070020
01,000,00,010,0342,壽德里,萬華區,臺北市,臺北市,01000010342,200601,63000070030
01,000,00,010,0343,忠德里,萬華區,臺北市,臺北市,01000010343,200601,63000070022
01,000,00,010,0344,錦德里,萬華區,臺北市,臺北市,01000010344,200601,63000070025
01,000,00,010,0345,銘德里,萬華區,臺北市,臺北市,01000010345,200601,63000070028
01,000,00,010,0346,孝德里,萬華區,臺北市,臺北市,01000010346,200601,63000070023
01,000,00,010,0347,保德里,萬華區,臺北市,臺北市,01000010347,200601,63000070027
01,000,00,010,0348,榮德里,萬華區,臺北市,臺北市,01000010348,200601,63000070029
01,000,00,010,0349,華中里,萬華區,臺北市,臺北市,01000010349,200601,63000070032
01,000,00,010,0350,興德里,萬華區,臺北市,臺北市,01000010350,200601,63000070031
01,000,00,010,0351,日祥里,萬華區,臺北市,臺北市,01000010351,200601,63000070033
01,000,00,010,0352,忠貞里,萬華區,臺北市,臺北市,01000010352,200601,63000070034
01,000,00,010,0353,新忠里,萬華區,臺北市,臺北市,01000010353,200601,63000070013
01,000,00,010,0354,新和里,萬華區,臺北市,臺北市,01000010354,200601,63000070014
01,000,00,010,0355,新安里,萬華區,臺北市,臺北市,01000010355,200601,63000070021
01,000,00,010,0356,凌霄里,萬華區,臺北市,臺北市,01000010356,200601,63000070035
01,000,00,010,0357,騰雲里,萬華區,臺北市,臺北市,01000010357,200601,63000070036
01,000,00,011,0358,德安里,大安區,臺北市,臺北市,01000011358,200601,63000030001
01,000,00,011,0359,仁慈里,大安區,臺北市,臺北市,01000011359,200601,63000030002
01,000,00,011,0360,和安里,大安區,臺北市,臺北市,01000011360,200601,63000030003
01,000,00,011,0361,民炤里,大安區,臺北市,臺北市,01000011361,200601,63000030004
01,000,00,011,0362,仁愛里,大安區,臺北市,臺北市,01000011362,200601,63000030005
01,000,00,011,0363,義村里,大安區,臺北市,臺北市,01000011363,200601,63000030006
01,000,00,011,0364,民輝里,大安區,臺北市,臺北市,01000011364,200601,63000030007
01,000,00,011,0365,昌隆里,大安區,臺北市,臺北市,01000011365,200601,63000030008
01,000,00,011,0366,誠安里,大安區,臺北市,臺北市,01000011366,200601,63000030009
01,000,00,011,0367,光武里,大安區,臺北市,臺北市,01000011367,200601,63000030010
01,000,00,011,0368,龍坡里,大安區,臺北市,臺北市,01000011368,200601,63000030011
01,000,00,011,0369,龍泉里,大安區,臺北市,臺北市,01000011369,200601,63000030012
01,000,00,011,0370,古風里,大安區,臺北市,臺北市,01000011370,200601,63000030013
01,000,00,011,0371,古莊里,大安區,臺北市,臺北市,01000011371,200601,63000030014
01,000,00,011,0372,龍安里,大安區,臺北市,臺北市,01000011372,200601,63000030015
01,000,00,011,0373,錦安里,大安區,臺北市,臺北市,01000011373,200601,63000030016
01,000,00,011,0374,福住里,大安區,臺北市,臺北市,01000011374,200601,63000030017
01,000,00,011,0375,永康里,大安區,臺北市,臺北市,01000011375,200601,63000030018
01,000,00,011,0376,光明里,大安區,臺北市,臺北市,01000011376,200601,63000030019
01,000,00,011,0377,錦泰里,大安區,臺北市,臺北市,01000011377,200601,63000030020
01,000,00,011,0378,錦華里,大安區,臺北市,臺北市,01000011378,200601,63000030021
01,000,00,011,0379,龍圖里,大安區,臺北市,臺北市,01000011379,200601,63000030022
01,000,00,011,0380,新龍里,大安區,臺北市,臺北市,01000011380,200601,63000030023
01,000,00,011,0381,龍陣里,大安區,臺北市,臺北市,01000011381,200601,63000030026
01,000,00,011,0382,龍雲里,大安區,臺北市,臺北市,01000011382,200601,63000030027
01,000,00,011,0383,龍生里,大安區,臺北市,臺北市,01000011383,200601,63000030028
01,000,00,011,0384,住安里,大安區,臺北市,臺北市,01000011384,200601,63000030029
01,000,00,011,0385,義安里,大安區,臺北市,臺北市,01000011385,200601,63000030030
01,000,00,011,0386,通化里,大安區,臺北市,臺北市,01000011386,200601,63000030031
01,000,00,011,0387,通安里,大安區,臺北市,臺北市,01000011387,200601,63000030032
01,000,00,011,0388,臨江里,大安區,臺北市,臺北市,01000011388,200601,63000030033
01,000,00,011,0389,法治里,大安區,臺北市,臺北市,01000011389,200601,63000030034
01,000,00,011,0390,全安里,大安區,臺北市,臺北市,01000011390,200601,63000030035
01,000,00,011,0391,群賢里,大安區,臺北市,臺北市,01000011391,200601,63000030036
01,000,00,011,0392,群英里,大安區,臺北市,臺北市,01000011392,200601,63000030037
01,000,00,011,0393,虎嘯里,大安區,臺北市,臺北市,01000011393,200601,63000030038
01,000,00,011,0394,臥龍里,大安區,臺北市,臺北市,01000011394,200601,63000030039
01,000,00,011,0395,龍淵里,大安區,臺北市,臺北市,01000011395,200601,63000030040
01,000,00,011,0396,龍門里,大安區,臺北市,臺北市,01000011396,200601,63000030041
01,000,00,011,0397,大學里,大安區,臺北市,臺北市,01000011397,200601,63000030043
01,000,00,011,0398,芳和里,大安區,臺北市,臺北市,01000011398,200601,63000030044
01,000,00,011,0399,黎元里,大安區,臺北市,臺北市,01000011399,200601,63000030046
01,000,00,011,0400,黎孝里,大安區,臺北市,臺北市,01000011400,200601,63000030047
01,000,00,011,0401,黎和里,大安區,臺北市,臺北市,01000011401,200601,63000030048
01,000,00,011,0402,建安里,大安區,臺北市,臺北市,01000011402,200601,63000030049
01,000,00,011,0403,建倫里,大安區,臺北市,臺北市,01000011403,200601,63000030050
01,000,00,011,0404,敦安里,大安區,臺北市,臺北市,01000011404,200601,63000030051
01,000,00,011,0405,正聲里,大安區,臺北市,臺北市,01000011405,200601,63000030052
01,000,00,011,0406,敦煌里,大安區,臺北市,臺北市,01000011406,200601,63000030053
01,000,00,011,0407,華聲里,大安區,臺北市,臺北市,01000011407,200601,63000030054
01,000,00,011,0408,車層里,大安區,臺北市,臺北市,01000011408,200601,63000030055
01,000,00,011,0409,光信里,大安區,臺北市,臺北市,01000011409,200601,63000030056
01,000,00,011,0410,學府里,大安區,臺北市,臺北市,01000011410,200601,63000030057
01,000,00,012,0411,景行里,文山區,臺北市,臺北市,01000012411,200601,63000080001
01,000,00,012,0412,景東里,文山區,臺北市,臺北市,01000012412,200601,63000080002
01,000,00,012,0413,景美里,文山區,臺北市,臺北市,01000012413,200601,63000080003
01,000,00,012,0414,景慶里,文山區,臺北市,臺北市,01000012414,200601,63000080004
01,000,00,012,0415,景仁里,文山區,臺北市,臺北市,01000012415,200601,63000080005
01,000,00,012,0416,景華里,文山區,臺北市,臺北市,01000012416,200601,63000080006
01,000,00,012,0417,萬有里,文山區,臺北市,臺北市,01000012417,200601,63000080007
01,000,00,012,0418,萬祥里,文山區,臺北市,臺北市,01000012418,200601,63000080008
01,000,00,012,0419,萬隆里,文山區,臺北市,臺北市,01000012419,200601,63000080009
01,000,00,012,0420,萬年里,文山區,臺北市,臺北市,01000012420,200601,63000080010
01,000,00,012,0421,萬和里,文山區,臺北市,臺北市,01000012421,200601,63000080011
01,000,00,012,0422,萬盛里,文山區,臺北市,臺北市,01000012422,200601,63000080012
01,000,00,012,0423,興豐里,文山區,臺北市,臺北市,01000012423,200601,63000080013
01,000,00,012,0424,興光里,文山區,臺北市,臺北市,01000012424,200601,63000080014
01,000,00,012,0425,興家里,文山區,臺北市,臺北市,01000012425,200601,63000080015
01,000,00,012,0426,興得里,文山區,臺北市,臺北市,01000012426,200601,63000080016
01,000,00,012,0427,興業里,文山區,臺北市,臺北市,01000012427,200601,63000080017
01,000,00,012,0428,興安里,文山區,臺北市,臺北市,01000012428,200601,63000080018
01,000,00,012,0429,興福里,文山區,臺北市,臺北市,01000012429,200601,63000080019
01,000,00,012,0430,興旺里,文山區,臺北市,臺北市,01000012430,200601,63000080020
01,000,00,012,0431,興泰里,文山區,臺北市,臺北市,01000012431,200601,63000080021
01,000,00,012,0432,興昌里,文山區,臺北市,臺北市,01000012432,200601,63000080022
01,000,00,012,0433,試院里,文山區,臺北市,臺北市,01000012433,200601,63000080023
01,000,00,012,0434,華興里,文山區,臺北市,臺北市,01000012434,200601,63000080024
01,000,00,012,0435,明義里,文山區,臺北市,臺北市,01000012435,200601,63000080025
01,000,00,012,0436,明興里,文山區,臺北市,臺北市,01000012436,200601,63000080026
01,000,00,012,0437,木柵里,文山區,臺北市,臺北市,01000012437,200601,63000080027
01,000,00,012,0438,木新里,文山區,臺北市,臺北市,01000012438,200601,63000080028
01,000,00,012,0439,順興里,文山區,臺北市,臺北市,01000012439,200601,63000080029
01,000,00,012,0440,忠順里,文山區,臺北市,臺北市,01000012440,200601,63000080038
01,000,00,012,0441,樟林里,文山區,臺北市,臺北市,01000012441,200601,63000080030
01,000,00,012,0442,樟新里,文山區,臺北市,臺北市,01000012442,200601,63000080031
01,000,00,012,0443,樟腳里,文山區,臺北市,臺北市,01000012443,200601,63000080032
01,000,00,012,0444,萬芳里,文山區,臺北市,臺北市,01000012444,200601,63000080033
01,000,00,012,0445,萬美里,文山區,臺北市,臺北市,01000012445,200601,63000080039
01,000,00,012,0446,博嘉里,文山區,臺北市,臺北市,01000012446,200601,63000080034
01,000,00,012,0447,萬興里,文山區,臺北市,臺北市,01000012447,200601,63000080035
01,000,00,012,0448,指南里,文山區,臺北市,臺北市,01000012448,200601,63000080036
01,000,00,012,0449,老泉里,文山區,臺北市,臺北市,01000012449,200601,63000080037
02,000,00,001,0001,藍橋里,鹽埕區,高雄市,高雄市,02000001001,200601,64000010001
02,000,00,001,0002,慈愛里,鹽埕區,高雄市,高雄市,02000001002,200601,64000010002
02,000,00,001,0003,博愛里,鹽埕區,高雄市,高雄市,02000001003,200601,64000010003
02,000,00,001,0004,壽星里,鹽埕區,高雄市,高雄市,02000001004,200601,64000010004
02,000,00,001,0005,中山里,鹽埕區,高雄市,高雄市,02000001005,200601,64000010005
02,000,00,001,0006,教仁里,鹽埕區,高雄市,高雄市,02000001006,200601,64000010006
02,000,00,001,0007,新樂里,鹽埕區,高雄市,高雄市,02000001007,200601,64000010007
02,000,00,001,0008,中原里,鹽埕區,高雄市,高雄市,02000001008,200601,64000010008
02,000,00,001,0009,光明里,鹽埕區,高雄市,高雄市,02000001009,200601,64000010009
02,000,00,001,0010,育仁里,鹽埕區,高雄市,高雄市,02000001010,200601,64000010010
02,000,00,001,0011,河濱里,鹽埕區,高雄市,高雄市,02000001011,200601,64000010011
02,000,00,001,0012,沙地里,鹽埕區,高雄市,高雄市,02000001012,200601,64000010012
02,000,00,001,0013,南端里,鹽埕區,高雄市,高雄市,02000001013,200601,64000010013
02,000,00,001,0014,港都里,鹽埕區,高雄市,高雄市,02000001014,200601,64000010014
02,000,00,001,0015,江西里,鹽埕區,高雄市,高雄市,02000001015,200601,64000010015
02,000,00,001,0016,新豐里,鹽埕區,高雄市,高雄市,02000001016,200601,64000010016
02,000,00,001,0017,府北里,鹽埕區,高雄市,高雄市,02000001017,200601,64000010017
02,000,00,001,0018,陸橋里,鹽埕區,高雄市,高雄市,02000001018,200601,64000010018
02,000,00,001,0019,瀨南里,鹽埕區,高雄市,高雄市,02000001019,200601,64000010019
02,000,00,001,0020,新化里,鹽埕區,高雄市,高雄市,02000001020,200601,64000010020
02,000,00,001,0021,江南里,鹽埕區,高雄市,高雄市,02000001021,200601,64000010021
02,000,00,002,0022,鼓峰里,鼓山區,高雄市,高雄市,02000002022,200601,64000020001
02,000,00,002,0023,雄峰里,鼓山區,高雄市,高雄市,02000002023,200601,64000020002
02,000,00,002,0024,前峰里,鼓山區,高雄市,高雄市,02000002024,200601,64000020003
02,000,00,002,0025,光榮里,鼓山區,高雄市,高雄市,02000002025,200601,64000020004
02,000,00,002,0026,民族里,鼓山區,高雄市,高雄市,02000002026,200601,64000020005
02,000,00,002,0027,內惟里,鼓山區,高雄市,高雄市,02000002027,200601,64000020006
02,000,00,002,0028,建國里,鼓山區,高雄市,高雄市,02000002028,200601,64000020007
02,000,00,002,0029,忠正里,鼓山區,高雄市,高雄市,02000002029,200601,64000020008
02,000,00,002,0030,自強里,鼓山區,高雄市,高雄市,02000002030,200601,64000020009
02,000,00,002,0031,龍井里,鼓山區,高雄市,高雄市,02000002031,200601,64000020010
02,000,00,002,0032,正德里,鼓山區,高雄市,高雄市,02000002032,200601,64000020011
02,000,00,002,0033,平和里,鼓山區,高雄市,高雄市,02000002033,200601,64000020012
02,000,00,002,0034,民強里,鼓山區,高雄市,高雄市,02000002034,200601,64000020013
02,000,00,002,0035,厚生里,鼓山區,高雄市,高雄市,02000002035,200601,64000020014
02,000,00,002,0036,龍子里,鼓山區,高雄市,高雄市,02000002036,200601,64000020015
02,000,00,002,0037,龍水里,鼓山區,高雄市,高雄市,02000002037,200601,64000020016
02,000,00,002,0038,明誠里,鼓山區,高雄市,高雄市,02000002038,200601,64000020017
02,000,00,002,0039,華豐里,鼓山區,高雄市,高雄市,02000002039,200601,64000020018
02,000,00,002,0040,裕興里,鼓山區,高雄市,高雄市,02000002040,200601,64000020019
02,000,00,002,0041,裕豐里,鼓山區,高雄市,高雄市,02000002041,200601,64000020020
02,000,00,002,0042,鼓岩里,鼓山區,高雄市,高雄市,02000002042,200601,64000020021
02,000,00,002,0043,樹德里,鼓山區,高雄市,高雄市,02000002043,200601,64000020022
02,000,00,002,0044,寶樹里,鼓山區,高雄市,高雄市,02000002044,200601,64000020023
02,000,00,002,0045,興宗里,鼓山區,高雄市,高雄市,02000002045,200601,64000020024
02,000,00,002,0046,光化里,鼓山區,高雄市,高雄市,02000002046,200601,64000020025
02,000,00,002,0047,山下里,鼓山區,高雄市,高雄市,02000002047,200601,64000020026
02,000,00,002,0048,河邊里,鼓山區,高雄市,高雄市,02000002048,200601,64000020027
02,000,00,002,0049,綠川里,鼓山區,高雄市,高雄市,02000002049,200601,64000020028
02,000,00,002,0050,登山里,鼓山區,高雄市,高雄市,02000002050,200601,64000020029
02,000,00,002,0051,峰南里,鼓山區,高雄市,高雄市,02000002051,200601,64000020030
02,000,00,002,0052,麗興里,鼓山區,高雄市,高雄市,02000002052,200601,64000020031
02,000,00,002,0053,新民里,鼓山區,高雄市,高雄市,02000002053,200601,64000020032
02,000,00,002,0054,延平里,鼓山區,高雄市,高雄市,02000002054,200601,64000020033
02,000,00,002,0055,維生里,鼓山區,高雄市,高雄市,02000002055,200601,64000020034
02,000,00,002,0056,惠安里,鼓山區,高雄市,高雄市,02000002056,200601,64000020035
02,000,00,002,0057,壽山里,鼓山區,高雄市,高雄市,02000002057,200601,64000020036
02,000,00,002,0058,哨船頭里,鼓山區,高雄市,高雄市,02000002058,200601,64000020037
02,000,00,002,0059,桃源里,鼓山區,高雄市,高雄市,02000002059,200601,64000020038
02,000,00,003,0060,旗下里,旗津區,高雄市,高雄市,02000003060,200601,64000100001
02,000,00,003,0061,永安里,旗津區,高雄市,高雄市,02000003061,200601,64000100002
02,000,00,003,0062,振興里,旗津區,高雄市,高雄市,02000003062,200601,64000100003
02,000,00,003,0063,慈愛里,旗津區,高雄市,高雄市,02000003063,200601,64000100004
02,000,00,003,0064,復興里,旗津區,高雄市,高雄市,02000003064,200601,64000100005
02,000,00,003,0065,中華里,旗津區,高雄市,高雄市,02000003065,200601,64000100006
02,000,00,003,0066,實踐里,旗津區,高雄市,高雄市,02000003066,200601,64000100007
02,000,00,003,0067,北汕里,旗津區,高雄市,高雄市,02000003067,200601,64000100008
02,000,00,003,0068,南汕里,旗津區,高雄市,高雄市,02000003068,200601,64000100009
02,000,00,003,0069,上竹里,旗津區,高雄市,高雄市,02000003069,200601,64000100010
02,000,00,003,0070,中洲里,旗津區,高雄市,高雄市,02000003070,200601,64000100011
02,000,00,003,0071,安順里,旗津區,高雄市,高雄市,02000003071,200601,64000100012
02,000,00,003,0072,中興里,旗津區,高雄市,高雄市,02000003072,200601,64000100013
02,000,00,004,0073,進學里,左營區,高雄市,高雄市,02000004073,200601,64000030001
02,000,00,004,0074,尾西里,左營區,高雄市,高雄市,02000004074,200601,64000030002
02,000,00,004,0075,頂北里,左營區,高雄市,高雄市,02000004075,200601,64000030003
02,000,00,004,0076,中北里,左營區,高雄市,高雄市,02000004076,200601,64000030004
02,000,00,004,0077,中南里,左營區,高雄市,高雄市,02000004077,200601,64000030005
02,000,00,004,0078,廟東里,左營區,高雄市,高雄市,02000004078,200601,64000030006
02,000,00,004,0079,廟北里,左營區,高雄市,高雄市,02000004079,200601,64000030007
02,000,00,004,0080,尾南里,左營區,高雄市,高雄市,02000004080,200601,64000030008
02,000,00,004,0081,尾北里,左營區,高雄市,高雄市,02000004081,200601,64000030009
02,000,00,004,0082,屏山里,左營區,高雄市,高雄市,02000004082,200601,64000030011
02,000,00,004,0083,祥和里,左營區,高雄市,高雄市,02000004083,200601,64000030012
02,000,00,004,0084,永清里,左營區,高雄市,高雄市,02000004084,200601,64000030013
02,000,00,004,0085,復興里,左營區,高雄市,高雄市,02000004085,200601,
02,000,00,004,0086,莒光里,左營區,高雄市,高雄市,02000004086,200601,64000030015
02,000,00,004,0087,光輝里,左營區,高雄市,高雄市,02000004087,200601,64000030016
02,000,00,004,0088,合群里,左營區,高雄市,高雄市,02000004088,200601,64000030017
02,000,00,004,0089,明建里,左營區,高雄市,高雄市,02000004089,200601,64000030019
02,000,00,004,0090,頂西里,左營區,高雄市,高雄市,02000004090,200601,64000030021
02,000,00,004,0091,聖后里,左營區,高雄市,高雄市,02000004091,200601,64000030022
02,000,00,004,0092,聖西里,左營區,高雄市,高雄市,02000004092,200601,64000030023
02,000,00,004,0093,聖南里,左營區,高雄市,高雄市,02000004093,200601,64000030024
02,000,00,004,0094,城南里,左營區,高雄市,高雄市,02000004094,200601,64000030025
02,000,00,004,0095,路東里,左營區,高雄市,高雄市,02000004095,200601,64000030026
02,000,00,004,0096,廍北里,左營區,高雄市,高雄市,02000004096,200601,64000030027
02,000,00,004,0097,廍南里,左營區,高雄市,高雄市,02000004097,200601,64000030028
02,000,00,004,0098,埤西里,左營區,高雄市,高雄市,02000004098,200601,64000030029
02,000,00,004,0099,埤北里,左營區,高雄市,高雄市,02000004099,200601,64000030030
02,000,00,004,0100,埤東里,左營區,高雄市,高雄市,02000004100,200601,64000030031
02,000,00,004,0101,海勝里,左營區,高雄市,高雄市,02000004101,200601,64000030032
02,000,00,004,0102,崇實里,左營區,高雄市,高雄市,02000004102,200601,64000030034
02,000,00,004,0103,自助里,左營區,高雄市,高雄市,02000004103,200601,64000030035
02,000,00,004,0104,果貿里,左營區,高雄市,高雄市,02000004104,200601,64000030036
02,000,00,004,0105,果惠里,左營區,高雄市,高雄市,02000004105,200601,64000030037
02,000,00,004,0106,果峰里,左營區,高雄市,高雄市,02000004106,200601,64000030038
02,000,00,004,0107,新下里,左營區,高雄市,高雄市,02000004107,200601,64000030039
02,000,00,004,0108,新上里,左營區,高雄市,高雄市,02000004108,200601,64000030040
02,000,00,004,0109,新中里,左營區,高雄市,高雄市,02000004109,200601,64000030041
02,000,00,004,0110,新光里,左營區,高雄市,高雄市,02000004110,200601,64000030042
02,000,00,004,0111,菜公里,左營區,高雄市,高雄市,02000004111,200601,64000030043
02,000,00,004,0112,福山里,左營區,高雄市,高雄市,02000004112,200601,64000030044
02,000,00,005,0113,清豐里,楠梓區,高雄市,高雄市,02000005113,200601,64000040001
02,000,00,005,0114,東寧里,楠梓區,高雄市,高雄市,02000005114,200601,64000040002
02,000,00,005,0115,五常里,楠梓區,高雄市,高雄市,02000005115,200601,64000040003
02,000,00,005,0116,享平里,楠梓區,高雄市,高雄市,02000005116,200601,64000040004
02,000,00,005,0117,中陽里,楠梓區,高雄市,高雄市,02000005117,200601,64000040005
02,000,00,005,0118,惠楠里,楠梓區,高雄市,高雄市,02000005118,200601,64000040006
02,000,00,005,0119,惠民里,楠梓區,高雄市,高雄市,02000005119,200601,64000040007
02,000,00,005,0120,惠豐里,楠梓區,高雄市,高雄市,02000005120,200601,64000040008
02,000,00,005,0121,錦屏里,楠梓區,高雄市,高雄市,02000005121,200601,64000040009
02,000,00,005,0122,玉屏里,楠梓區,高雄市,高雄市,02000005122,200601,64000040010
02,000,00,005,0123,金田里,楠梓區,高雄市,高雄市,02000005123,200601,64000040011
02,000,00,005,0124,稔田里,楠梓區,高雄市,高雄市,02000005124,200601,64000040012
02,000,00,005,0125,瑞屏里,楠梓區,高雄市,高雄市,02000005125,200601,64000040013
02,000,00,005,0126,翠屏里,楠梓區,高雄市,高雄市,02000005126,200601,64000040014
02,000,00,005,0127,宏南里,楠梓區,高雄市,高雄市,02000005127,200601,64000040015
02,000,00,005,0128,宏毅里,楠梓區,高雄市,高雄市,02000005128,200601,64000040016
02,000,00,005,0129,宏榮里,楠梓區,高雄市,高雄市,02000005129,200601,64000040017
02,000,00,005,0130,廣昌里,楠梓區,高雄市,高雄市,02000005130,200601,64000040018
02,000,00,005,0131,久昌里,楠梓區,高雄市,高雄市,02000005131,200601,64000040019
02,000,00,005,0132,大昌里,楠梓區,高雄市,高雄市,02000005132,200601,64000040020
02,000,00,005,0133,福昌里,楠梓區,高雄市,高雄市,02000005133,200601,64000040021
02,000,00,005,0134,盛昌里,楠梓區,高雄市,高雄市,02000005134,200601,64000040022
02,000,00,005,0135,泰昌里,楠梓區,高雄市,高雄市,02000005135,200601,64000040023
02,000,00,005,0136,興昌里,楠梓區,高雄市,高雄市,02000005136,200601,64000040024
02,000,00,005,0137,建昌里,楠梓區,高雄市,高雄市,02000005137,200601,64000040025
02,000,00,005,0138,宏昌里,楠梓區,高雄市,高雄市,02000005138,200601,64000040026
02,000,00,005,0139,和昌里,楠梓區,高雄市,高雄市,02000005139,200601,64000040027
02,000,00,005,0140,慶昌里,楠梓區,高雄市,高雄市,02000005140,200601,64000040028
02,000,00,005,0141,隆昌里,楠梓區,高雄市,高雄市,02000005141,200601,64000040029
02,000,00,005,0142,秀昌里,楠梓區,高雄市,高雄市,02000005142,200601,64000040030
02,000,00,005,0143,裕昌里,楠梓區,高雄市,高雄市,02000005143,200601,64000040031
02,000,00,005,0144,國昌里,楠梓區,高雄市,高雄市,02000005144,200601,64000040032
02,000,00,005,0145,加昌里,楠梓區,高雄市,高雄市,02000005145,200601,64000040033
02,000,00,005,0146,仁昌里,楠梓區,高雄市,高雄市,02000005146,200601,64000040034
02,000,00,005,0147,藍田里,楠梓區,高雄市,高雄市,02000005147,200601,64000040035
02,000,00,005,0148,中興里,楠梓區,高雄市,高雄市,02000005148,200601,64000040036
02,000,00,005,0149,中和里,楠梓區,高雄市,高雄市,02000005149,200601,64000040037
02,000,00,006,0150,鼎金里,三民區,高雄市,高雄市,02000006150,200601,64000050001
02,000,00,006,0151,鼎盛里,三民區,高雄市,高雄市,02000006151,200601,64000050002
02,000,00,006,0152,鼎強里,三民區,高雄市,高雄市,02000006152,200601,64000050003
02,000,00,006,0153,鼎力里,三民區,高雄市,高雄市,02000006153,200601,64000050004
02,000,00,006,0154,鼎西里,三民區,高雄市,高雄市,02000006154,200601,64000050005
02,000,00,006,0155,鼎中里,三民區,高雄市,高雄市,02000006155,200601,64000050006
02,000,00,006,0156,鼎泰里,三民區,高雄市,高雄市,02000006156,200601,64000050007
02,000,00,006,0157,本館里,三民區,高雄市,高雄市,02000006157,200601,64000050008
02,000,00,006,0158,本和里,三民區,高雄市,高雄市,02000006158,200601,64000050009
02,000,00,006,0159,本文里,三民區,高雄市,高雄市,02000006159,200601,64000050010
02,000,00,006,0160,本武里,三民區,高雄市,高雄市,02000006160,200601,64000050011
02,000,00,006,0161,本元里,三民區,高雄市,高雄市,02000006161,200601,64000050012
02,000,00,006,0162,本安里,三民區,高雄市,高雄市,02000006162,200601,64000050013
02,000,00,006,0163,本上里,三民區,高雄市,高雄市,02000006163,200601,64000050014
02,000,00,006,0164,本揚里,三民區,高雄市,高雄市,02000006164,200601,64000050015
02,000,00,006,0165,寶獅里,三民區,高雄市,高雄市,02000006165,200601,64000050016
02,000,00,006,0166,寶德里,三民區,高雄市,高雄市,02000006166,200601,64000050017
02,000,00,006,0167,寶泰里,三民區,高雄市,高雄市,02000006167,200601,64000050018
02,000,00,006,0168,寶興里,三民區,高雄市,高雄市,02000006168,200601,64000050019
02,000,00,006,0169,寶中里,三民區,高雄市,高雄市,02000006169,200601,64000050020
02,000,00,006,0170,寶華里,三民區,高雄市,高雄市,02000006170,200601,64000050021
02,000,00,006,0171,寶國里,三民區,高雄市,高雄市,02000006171,200601,64000050022
02,000,00,006,0172,寶民里,三民區,高雄市,高雄市,02000006172,200601,64000050023
02,000,00,006,0173,寶慶里,三民區,高雄市,高雄市,02000006173,200601,64000050024
02,000,00,006,0174,寶業里,三民區,高雄市,高雄市,02000006174,200601,64000050025
02,000,00,006,0175,寶盛里,三民區,高雄市,高雄市,02000006175,200601,64000050026
02,000,00,006,0176,寶安里,三民區,高雄市,高雄市,02000006176,200601,64000050027
02,000,00,006,0177,寶龍里,三民區,高雄市,高雄市,02000006177,200601,64000050028
02,000,00,006,0178,寶珠里,三民區,高雄市,高雄市,02000006178,200601,64000050029
02,000,00,006,0179,寶玉里,三民區,高雄市,高雄市,02000006179,200601,64000050030
02,000,00,006,0180,灣子里,三民區,高雄市,高雄市,02000006180,200601,64000050031
02,000,00,006,0181,灣愛里,三民區,高雄市,高雄市,02000006181,200601,64000050032
02,000,00,006,0182,灣中里,三民區,高雄市,高雄市,02000006182,200601,64000050033
02,000,00,006,0183,灣華里,三民區,高雄市,高雄市,02000006183,200601,64000050034
02,000,00,006,0184,灣勝里,三民區,高雄市,高雄市,02000006184,200601,64000050035
02,000,00,006,0185,灣利里,三民區,高雄市,高雄市,02000006185,200601,64000050036
02,000,00,006,0186,灣復里,三民區,高雄市,高雄市,02000006186,200601,64000050037
02,000,00,006,0187,正興里,三民區,高雄市,高雄市,02000006187,200601,64000050038
02,000,00,006,0188,正順里,三民區,高雄市,高雄市,02000006188,200601,64000050039
02,000,00,006,0189,灣興里,三民區,高雄市,高雄市,02000006189,200601,64000050040
02,000,00,006,0190,灣成里,三民區,高雄市,高雄市,02000006190,200601,64000050041
02,000,00,006,0191,安康里,三民區,高雄市,高雄市,02000006191,200601,64000050042
02,000,00,006,0192,安寧里,三民區,高雄市,高雄市,02000006192,200601,64000050043
02,000,00,006,0193,安吉里,三民區,高雄市,高雄市,02000006193,200601,64000050044
02,000,00,006,0194,安發里,三民區,高雄市,高雄市,02000006194,200601,64000050045
02,000,00,006,0195,安東里,三民區,高雄市,高雄市,02000006195,200601,64000050046
02,000,00,006,0196,安和里,三民區,高雄市,高雄市,02000006196,200601,64000050047
02,000,00,006,0197,達德里,三民區,高雄市,高雄市,02000006197,200601,64000050048
02,000,00,006,0198,達明里,三民區,高雄市,高雄市,02000006198,200601,64000050049
02,000,00,006,0199,達仁里,三民區,高雄市,高雄市,02000006199,200601,64000050050
02,000,00,006,0200,達勇里,三民區,高雄市,高雄市,02000006200,200601,64000050051
02,000,00,006,0201,同德里,三民區,高雄市,高雄市,02000006201,200601,64000050052
02,000,00,006,0202,德智里,三民區,高雄市,高雄市,02000006202,200601,64000050053
02,000,00,006,0203,德仁里,三民區,高雄市,高雄市,02000006203,200601,64000050054
02,000,00,006,0204,安生里,三民區,高雄市,高雄市,02000006204,200601,64000050055
02,000,00,006,0205,德東里,三民區,高雄市,高雄市,02000006205,200601,64000050056
02,000,00,006,0206,德行里,三民區,高雄市,高雄市,02000006206,200601,64000050057
02,000,00,006,0207,精華里,三民區,高雄市,高雄市,02000006207,200601,64000050058
02,000,00,006,0208,民享里,三民區,高雄市,高雄市,02000006208,200601,64000050059
02,000,00,006,0209,安宜里,三民區,高雄市,高雄市,02000006209,200601,64000050060
02,000,00,006,0210,安泰里,三民區,高雄市,高雄市,02000006210,200601,64000050061
02,000,00,006,0211,安邦里,三民區,高雄市,高雄市,02000006211,200601,64000050062
02,000,00,006,0212,十全里,三民區,高雄市,高雄市,02000006212,200601,64000050063
02,000,00,006,0213,十美里,三民區,高雄市,高雄市,02000006213,200601,64000050064
02,000,00,006,0214,德北里,三民區,高雄市,高雄市,02000006214,200601,64000050065
02,000,00,006,0215,立誠里,三民區,高雄市,高雄市,02000006215,200601,64000050066
02,000,00,006,0216,立業里,三民區,高雄市,高雄市,02000006216,200601,64000050067
02,000,00,006,0217,港東里,三民區,高雄市,高雄市,02000006217,200601,64000050068
02,000,00,006,0218,港新里,三民區,高雄市,高雄市,02000006218,200601,64000050069
02,000,00,006,0219,港西里,三民區,高雄市,高雄市,02000006219,200601,64000050070
02,000,00,006,0220,港北里,三民區,高雄市,高雄市,02000006220,200601,
02,000,00,006,0221,博愛里,三民區,高雄市,高雄市,02000006221,200601,64000050072
02,000,00,006,0222,博惠里,三民區,高雄市,高雄市,02000006222,200601,64000050073
02,000,00,006,0223,長明里,三民區,高雄市,高雄市,02000006223,200601,64000050074
02,000,00,006,0224,建東里,三民區,高雄市,高雄市,02000006224,200601,64000050075
02,000,00,006,0225,興德里,三民區,高雄市,高雄市,02000006225,200601,64000050076
02,000,00,006,0226,鳳南里,三民區,高雄市,高雄市,02000006226,200601,64000050077
02,000,00,006,0227,鳳北里,三民區,高雄市,高雄市,02000006227,200601,64000050078
02,000,00,006,0228,德西里,三民區,高雄市,高雄市,02000006228,200601,64000050079
02,000,00,006,0229,豐裕里,三民區,高雄市,高雄市,02000006229,200601,64000050081
02,000,00,006,0230,川東里,三民區,高雄市,高雄市,02000006230,200601,64000050082
02,000,00,006,0231,裕民里,三民區,高雄市,高雄市,02000006231,200601,64000050083
02,000,00,006,0232,力行里,三民區,高雄市,高雄市,02000006232,200601,64000050084
02,000,00,006,0233,千歲里,三民區,高雄市,高雄市,02000006233,200601,64000050085
02,000,00,006,0234,立德里,三民區,高雄市,高雄市,02000006234,200601,64000050086
02,000,00,006,0235,千北里,三民區,高雄市,高雄市,02000006235,200601,64000050087
02,000,00,006,0236,千秋里,三民區,高雄市,高雄市,02000006236,200601,64000050088
02,000,00,007,0237,浩然里,新興區,高雄市,高雄市,02000007237,200601,64000060001
02,000,00,007,0238,振成里,新興區,高雄市,高雄市,02000007238,200601,64000060002
02,000,00,007,0239,德生里,新興區,高雄市,高雄市,02000007239,200601,64000060003
02,000,00,007,0240,振華里,新興區,高雄市,高雄市,02000007240,200601,64000060004
02,000,00,007,0241,正氣里,新興區,高雄市,高雄市,02000007241,200601,64000060005
02,000,00,007,0242,德政里,新興區,高雄市,高雄市,02000007242,200601,64000060006
02,000,00,007,0243,仁聲里,新興區,高雄市,高雄市,02000007243,200601,64000060007
02,000,00,007,0244,德望里,新興區,高雄市,高雄市,02000007244,200601,64000060008
02,000,00,007,0245,華聲里,新興區,高雄市,高雄市,02000007245,200601,64000060009
02,000,00,007,0246,蕉園里,新興區,高雄市,高雄市,02000007246,200601,64000060010
02,000,00,007,0247,永寧里,新興區,高雄市,高雄市,02000007247,200601,64000060011
02,000,00,007,0248,玉衡里,新興區,高雄市,高雄市,02000007248,200601,64000060012
02,000,00,007,0249,順昌里,新興區,高雄市,高雄市,02000007249,200601,64000060013
02,000,00,007,0250,文昌里,新興區,高雄市,高雄市,02000007250,200601,64000060014
02,000,00,007,0251,光耀里,新興區,高雄市,高雄市,02000007251,200601,64000060015
02,000,00,007,0252,興昌里,新興區,高雄市,高雄市,02000007252,200601,64000060016
02,000,00,007,0253,開平里,新興區,高雄市,高雄市,02000007253,200601,64000060017
02,000,00,007,0254,成功里,新興區,高雄市,高雄市,02000007254,200601,64000060018
02,000,00,007,0255,新江里,新興區,高雄市,高雄市,02000007255,200601,64000060019
02,000,00,007,0256,黎明里,新興區,高雄市,高雄市,02000007256,200601,64000060020
02,000,00,007,0257,愛平里,新興區,高雄市,高雄市,02000007257,200601,64000060021
02,000,00,007,0258,南港里,新興區,高雄市,高雄市,02000007258,200601,64000060022
02,000,00,007,0259,中東里,新興區,高雄市,高雄市,02000007259,200601,64000060023
02,000,00,007,0260,明莊里,新興區,高雄市,高雄市,02000007260,200601,64000060024
02,000,00,007,0261,大明里,新興區,高雄市,高雄市,02000007261,200601,64000060025
02,000,00,007,0262,秋山里,新興區,高雄市,高雄市,02000007262,200601,64000060026
02,000,00,007,0263,長驛里,新興區,高雄市,高雄市,02000007263,200601,64000060027
02,000,00,007,0264,建興里,新興區,高雄市,高雄市,02000007264,200601,64000060028
02,000,00,007,0265,建華里,新興區,高雄市,高雄市,02000007265,200601,64000060029
02,000,00,007,0266,漢民里,新興區,高雄市,高雄市,02000007266,200601,64000060030
02,000,00,007,0267,榮治里,新興區,高雄市,高雄市,02000007267,200601,64000060031
02,000,00,007,0268,東坡里,新興區,高雄市,高雄市,02000007268,200601,64000060032
02,000,00,008,0269,三川里,前金區,高雄市,高雄市,02000008269,200601,64000070001
02,000,00,008,0270,草江里,前金區,高雄市,高雄市,02000008270,200601,64000070002
02,000,00,008,0271,長城里,前金區,高雄市,高雄市,02000008271,200601,64000070003
02,000,00,008,0272,北金里,前金區,高雄市,高雄市,02000008272,200601,64000070004
02,000,00,008,0273,東金里,前金區,高雄市,高雄市,02000008273,200601,64000070005
02,000,00,008,0274,新生里,前金區,高雄市,高雄市,02000008274,200601,64000070006
02,000,00,008,0275,後金里,前金區,高雄市,高雄市,02000008275,200601,64000070007
02,000,00,008,0276,長興里,前金區,高雄市,高雄市,02000008276,200601,64000070008
02,000,00,008,0277,青山里,前金區,高雄市,高雄市,02000008277,200601,64000070009
02,000,00,008,0278,民生里,前金區,高雄市,高雄市,02000008278,200601,64000070010
02,000,00,008,0279,復元里,前金區,高雄市,高雄市,02000008279,200601,64000070011
02,000,00,008,0280,林投里,前金區,高雄市,高雄市,02000008280,200601,64000070012
02,000,00,008,0281,國民里,前金區,高雄市,高雄市,02000008281,200601,64000070013
02,000,00,008,0282,社東里,前金區,高雄市,高雄市,02000008282,200601,64000070014
02,000,00,008,0283,社西里,前金區,高雄市,高雄市,02000008283,200601,64000070015
02,000,00,008,0284,博孝里,前金區,高雄市,高雄市,02000008284,200601,64000070016
02,000,00,008,0285,長生里,前金區,高雄市,高雄市,02000008285,200601,64000070017
02,000,00,008,0286,榮復里,前金區,高雄市,高雄市,02000008286,200601,64000070018
02,000,00,008,0287,文西里,前金區,高雄市,高雄市,02000008287,200601,64000070019
02,000,00,008,0288,文東里,前金區,高雄市,高雄市,02000008288,200601,64000070020
02,000,00,009,0289,博仁里,苓雅區,高雄市,高雄市,02000009289,200601,64000080001
02,000,00,009,0290,苓洲里,苓雅區,高雄市,高雄市,02000009290,200601,64000080002
02,000,00,009,0291,苓昇里,苓雅區,高雄市,高雄市,02000009291,200601,64000080003
02,000,00,009,0292,苓中里,苓雅區,高雄市,高雄市,02000009292,200601,64000080004
02,000,00,009,0293,苓雅里,苓雅區,高雄市,高雄市,02000009293,200601,64000080005
02,000,00,009,0294,苓東里,苓雅區,高雄市,高雄市,02000009294,200601,64000080006
02,000,00,009,0295,城北里,苓雅區,高雄市,高雄市,02000009295,200601,64000080007
02,000,00,009,0296,城西里,苓雅區,高雄市,高雄市,02000009296,200601,64000080008
02,000,00,009,0297,城東里,苓雅區,高雄市,高雄市,02000009297,200601,64000080009
02,000,00,009,0298,意誠里,苓雅區,高雄市,高雄市,02000009298,200601,64000080010
02,000,00,009,0299,鼓中里,苓雅區,高雄市,高雄市,02000009299,200601,64000080011
02,000,00,009,0300,田西里,苓雅區,高雄市,高雄市,02000009300,200601,64000080012
02,000,00,009,0301,人和里,苓雅區,高雄市,高雄市,02000009301,200601,64000080013
02,000,00,009,0302,仁政里,苓雅區,高雄市,高雄市,02000009302,200601,64000080014
02,000,00,009,0303,廣澤里,苓雅區,高雄市,高雄市,02000009303,200601,64000080015
02,000,00,009,0304,美田里,苓雅區,高雄市,高雄市,02000009304,200601,64000080016
02,000,00,009,0305,華堂里,苓雅區,高雄市,高雄市,02000009305,200601,64000080017
02,000,00,009,0306,日中里,苓雅區,高雄市,高雄市,02000009306,200601,64000080018
02,000,00,009,0307,普照里,苓雅區,高雄市,高雄市,02000009307,200601,64000080019
02,000,00,009,0308,和煦里,苓雅區,高雄市,高雄市,02000009308,200601,64000080020
02,000,00,009,0309,晴朗里,苓雅區,高雄市,高雄市,02000009309,200601,64000080021
02,000,00,009,0310,普天里,苓雅區,高雄市,高雄市,02000009310,200601,64000080022
02,000,00,009,0311,林富里,苓雅區,高雄市,高雄市,02000009311,200601,64000080023
02,000,00,009,0312,林圍里,苓雅區,高雄市,高雄市,02000009312,200601,64000080024
02,000,00,009,0313,林安里,苓雅區,高雄市,高雄市,02000009313,200601,64000080025
02,000,00,009,0314,光華里,苓雅區,高雄市,高雄市,02000009314,200601,64000080026
02,000,00,009,0315,林興里,苓雅區,高雄市,高雄市,02000009315,200601,64000080027
02,000,00,009,0316,林華里,苓雅區,高雄市,高雄市,02000009316,200601,64000080028
02,000,00,009,0317,林西里,苓雅區,高雄市,高雄市,02000009317,200601,64000080029
02,000,00,009,0318,林中里,苓雅區,高雄市,高雄市,02000009318,200601,64000080030
02,000,00,009,0319,林泉里,苓雅區,高雄市,高雄市,02000009319,200601,64000080031
02,000,00,009,0320,林南里,苓雅區,高雄市,高雄市,02000009320,200601,64000080032
02,000,00,009,0321,中正里,苓雅區,高雄市,高雄市,02000009321,200601,64000080033
02,000,00,009,0322,尚義里,苓雅區,高雄市,高雄市,02000009322,200601,64000080034
02,000,00,009,0323,同慶里,苓雅區,高雄市,高雄市,02000009323,200601,64000080035
02,000,00,009,0324,凱旋里,苓雅區,高雄市,高雄市,02000009324,200601,64000080036
02,000,00,009,0325,安祥里,苓雅區,高雄市,高雄市,02000009325,200601,64000080037
02,000,00,009,0326,奏捷里,苓雅區,高雄市,高雄市,02000009326,200601,64000080038
02,000,00,009,0327,福壽里,苓雅區,高雄市,高雄市,02000009327,200601,64000080039
02,000,00,009,0328,福南里,苓雅區,高雄市,高雄市,02000009328,200601,64000080040
02,000,00,009,0329,五權里,苓雅區,高雄市,高雄市,02000009329,200601,64000080041
02,000,00,009,0330,民主里,苓雅區,高雄市,高雄市,02000009330,200601,64000080042
02,000,00,009,0331,林德里,苓雅區,高雄市,高雄市,02000009331,200601,64000080043
02,000,00,009,0332,林貴里,苓雅區,高雄市,高雄市,02000009332,200601,64000080044
02,000,00,009,0333,林榮里,苓雅區,高雄市,高雄市,02000009333,200601,64000080045
02,000,00,009,0334,英明里,苓雅區,高雄市,高雄市,02000009334,200601,64000080046
02,000,00,009,0335,林靖里,苓雅區,高雄市,高雄市,02000009335,200601,64000080047
02,000,00,009,0336,朝陽里,苓雅區,高雄市,高雄市,02000009336,200601,64000080048
02,000,00,009,0337,福隆里,苓雅區,高雄市,高雄市,02000009337,200601,64000080049
02,000,00,009,0338,福祥里,苓雅區,高雄市,高雄市,02000009338,200601,64000080050
02,000,00,009,0339,福海里,苓雅區,高雄市,高雄市,02000009339,200601,64000080051
02,000,00,009,0340,福康里,苓雅區,高雄市,高雄市,02000009340,200601,64000080052
02,000,00,009,0341,福人里,苓雅區,高雄市,高雄市,02000009341,200601,64000080053
02,000,00,009,0342,福地里,苓雅區,高雄市,高雄市,02000009342,200601,64000080054
02,000,00,009,0343,福居里,苓雅區,高雄市,高雄市,02000009343,200601,64000080055
02,000,00,009,0344,福東里,苓雅區,高雄市,高雄市,02000009344,200601,64000080056
02,000,00,009,0345,福西里,苓雅區,高雄市,高雄市,02000009345,200601,64000080057
02,000,00,009,0346,永康里,苓雅區,高雄市,高雄市,02000009346,200601,64000080058
02,000,00,009,0347,正文里,苓雅區,高雄市,高雄市,02000009347,200601,64000080059
02,000,00,009,0348,正言里,苓雅區,高雄市,高雄市,02000009348,200601,64000080060
02,000,00,009,0349,正大里,苓雅區,高雄市,高雄市,02000009349,200601,64000080061
02,000,00,009,0350,五福里,苓雅區,高雄市,高雄市,02000009350,200601,64000080062
02,000,00,009,0351,正心里,苓雅區,高雄市,高雄市,02000009351,200601,64000080063
02,000,00,009,0352,正道里,苓雅區,高雄市,高雄市,02000009352,200601,64000080064
02,000,00,009,0353,正義里,苓雅區,高雄市,高雄市,02000009353,200601,64000080065
02,000,00,009,0354,正仁里,苓雅區,高雄市,高雄市,02000009354,200601,64000080066
02,000,00,009,0355,文昌里,苓雅區,高雄市,高雄市,02000009355,200601,64000080067
02,000,00,009,0356,建軍里,苓雅區,高雄市,高雄市,02000009356,200601,64000080068
02,000,00,009,0357,衛武里,苓雅區,高雄市,高雄市,02000009357,200601,64000080069
02,000,00,010,0358,草衙里,前鎮區,高雄市,高雄市,02000010358,200601,64000090001
02,000,00,010,0359,明孝里,前鎮區,高雄市,高雄市,02000010359,200601,64000090002
02,000,00,010,0360,明正里,前鎮區,高雄市,高雄市,02000010360,200601,64000090003
02,000,00,010,0361,明義里,前鎮區,高雄市,高雄市,02000010361,200601,64000090004
02,000,00,010,0362,仁愛里,前鎮區,高雄市,高雄市,02000010362,200601,64000090005
02,000,00,010,0363,德昌里,前鎮區,高雄市,高雄市,02000010363,200601,64000090006
02,000,00,010,0364,平等里,前鎮區,高雄市,高雄市,02000010364,200601,64000090007
02,000,00,010,0365,平昌里,前鎮區,高雄市,高雄市,02000010365,200601,64000090008
02,000,00,010,0366,明禮里,前鎮區,高雄市,高雄市,02000010366,200601,64000090009
02,000,00,010,0367,信義里,前鎮區,高雄市,高雄市,02000010367,200601,64000090010
02,000,00,010,0368,信德里,前鎮區,高雄市,高雄市,02000010368,200601,64000090011
02,000,00,010,0369,明道里,前鎮區,高雄市,高雄市,02000010369,200601,64000090012
02,000,00,010,0370,興化里,前鎮區,高雄市,高雄市,02000010370,200601,64000090013
02,000,00,010,0371,興仁里,前鎮區,高雄市,高雄市,02000010371,200601,64000090014
02,000,00,010,0372,前鎮里,前鎮區,高雄市,高雄市,02000010372,200601,64000090015
02,000,00,010,0373,鎮東里,前鎮區,高雄市,高雄市,02000010373,200601,64000090016
02,000,00,010,0374,鎮榮里,前鎮區,高雄市,高雄市,02000010374,200601,64000090017
02,000,00,010,0375,鎮昌里,前鎮區,高雄市,高雄市,02000010375,200601,64000090018
02,000,00,010,0376,鎮海里,前鎮區,高雄市,高雄市,02000010376,200601,64000090019
02,000,00,010,0377,鎮陽里,前鎮區,高雄市,高雄市,02000010377,200601,64000090020
02,000,00,010,0378,興邦里,前鎮區,高雄市,高雄市,02000010378,200601,64000090021
02,000,00,010,0379,鎮中里,前鎮區,高雄市,高雄市,02000010379,200601,64000090022
02,000,00,010,0380,鎮北里,前鎮區,高雄市,高雄市,02000010380,200601,64000090023
02,000,00,010,0381,忠純里,前鎮區,高雄市,高雄市,02000010381,200601,64000090024
02,000,00,010,0382,忠誠里,前鎮區,高雄市,高雄市,02000010382,200601,64000090025
02,000,00,010,0383,西山里,前鎮區,高雄市,高雄市,02000010383,200601,64000090028
02,000,00,010,0384,民權里,前鎮區,高雄市,高雄市,02000010384,200601,64000090029
02,000,00,010,0385,建隆里,前鎮區,高雄市,高雄市,02000010385,200601,64000090030
02,000,00,010,0386,振興里,前鎮區,高雄市,高雄市,02000010386,200601,64000090031
02,000,00,010,0387,良和里,前鎮區,高雄市,高雄市,02000010387,200601,64000090032
02,000,00,010,0388,西甲里,前鎮區,高雄市,高雄市,02000010388,200601,64000090033
02,000,00,010,0389,盛興里,前鎮區,高雄市,高雄市,02000010389,200601,64000090034
02,000,00,010,0390,盛豐里,前鎮區,高雄市,高雄市,02000010390,200601,64000090035
02,000,00,010,0391,興中里,前鎮區,高雄市,高雄市,02000010391,200601,64000090036
02,000,00,010,0392,興東里,前鎮區,高雄市,高雄市,02000010392,200601,64000090037
02,000,00,010,0393,忠孝里,前鎮區,高雄市,高雄市,02000010393,200601,64000090038
02,000,00,010,0394,復國里,前鎮區,高雄市,高雄市,02000010394,200601,64000090039
02,000,00,010,0395,竹內里,前鎮區,高雄市,高雄市,02000010395,200601,64000090040
02,000,00,010,0396,竹東里,前鎮區,高雄市,高雄市,02000010396,200601,64000090041
02,000,00,010,0397,竹南里,前鎮區,高雄市,高雄市,02000010397,200601,64000090042
02,000,00,010,0398,竹北里,前鎮區,高雄市,高雄市,02000010398,200601,64000090043
02,000,00,010,0399,竹西里,前鎮區,高雄市,高雄市,02000010399,200601,64000090044
02,000,00,010,0400,竹中里,前鎮區,高雄市,高雄市,02000010400,200601,64000090045
02,000,00,010,0401,瑞竹里,前鎮區,高雄市,高雄市,02000010401,200601,64000090046
02,000,00,010,0402,瑞南里,前鎮區,高雄市,高雄市,02000010402,200601,64000090047
02,000,00,010,0403,瑞豐里,前鎮區,高雄市,高雄市,02000010403,200601,64000090048
02,000,00,010,0404,瑞祥里,前鎮區,高雄市,高雄市,02000010404,200601,64000090049
02,000,00,010,0405,瑞東里,前鎮區,高雄市,高雄市,02000010405,200601,64000090050
02,000,00,010,0406,瑞和里,前鎮區,高雄市,高雄市,02000010406,200601,64000090051
02,000,00,010,0407,瑞平里,前鎮區,高雄市,高雄市,02000010407,200601,64000090052
02,000,00,010,0408,瑞隆里,前鎮區,高雄市,高雄市,02000010408,200601,64000090053
02,000,00,010,0409,瑞北里,前鎮區,高雄市,高雄市,02000010409,200601,64000090054
02,000,00,010,0410,瑞西里,前鎮區,高雄市,高雄市,02000010410,200601,64000090055
02,000,00,010,0411,瑞崗里,前鎮區,高雄市,高雄市,02000010411,200601,64000090056
02,000,00,010,0412,瑞興里,前鎮區,高雄市,高雄市,02000010412,200601,64000090057
02,000,00,010,0413,瑞誠里,前鎮區,高雄市,高雄市,02000010413,200601,64000090058
02,000,00,010,0414,瑞文里,前鎮區,高雄市,高雄市,02000010414,200601,64000090059
02,000,00,010,0415,瑞華里,前鎮區,高雄市,高雄市,02000010415,200601,64000090060
02,000,00,010,0416,瑞昌里,前鎮區,高雄市,高雄市,02000010416,200601,64000090061
02,000,00,011,0417,小港里,小港區,高雄市,高雄市,02000011417,200601,64000110001
02,000,00,011,0418,港口里,小港區,高雄市,高雄市,02000011418,200601,64000110002
02,000,00,011,0419,港正里,小港區,高雄市,高雄市,02000011419,200601,64000110003
02,000,00,011,0420,港墘里,小港區,高雄市,高雄市,02000011420,200601,64000110004
02,000,00,011,0421,港明里,小港區,高雄市,高雄市,02000011421,200601,64000110005
02,000,00,011,0422,港后里,小港區,高雄市,高雄市,02000011422,200601,64000110006
02,000,00,011,0423,港南里,小港區,高雄市,高雄市,02000011423,200601,64000110007
02,000,00,011,0424,港興里,小港區,高雄市,高雄市,02000011424,200601,64000110008
02,000,00,011,0425,鳳宮里,小港區,高雄市,高雄市,02000011425,200601,64000110009
02,000,00,011,0426,店鎮里,小港區,高雄市,高雄市,02000011426,200601,64000110010
02,000,00,011,0427,大苓里,小港區,高雄市,高雄市,02000011427,200601,64000110011
02,000,00,011,0428,二苓里,小港區,高雄市,高雄市,02000011428,200601,64000110012
02,000,00,011,0429,三苓里,小港區,高雄市,高雄市,02000011429,200601,64000110013
02,000,00,011,0430,正苓里,小港區,高雄市,高雄市,02000011430,200601,64000110014
02,000,00,011,0431,順苓里,小港區,高雄市,高雄市,02000011431,200601,64000110015
02,000,00,011,0432,六苓里,小港區,高雄市,高雄市,02000011432,200601,64000110016
02,000,00,011,0433,宏亮里,小港區,高雄市,高雄市,02000011433,200601,64000110017
02,000,00,011,0434,山東里,小港區,高雄市,高雄市,02000011434,200601,64000110018
02,000,00,011,0435,青島里,小港區,高雄市,高雄市,02000011435,200601,64000110019
02,000,00,011,0436,濟南里,小港區,高雄市,高雄市,02000011436,200601,64000110020
02,000,00,011,0437,泰山里,小港區,高雄市,高雄市,02000011437,200601,64000110021
02,000,00,011,0438,山明里,小港區,高雄市,高雄市,02000011438,200601,64000110022
02,000,00,011,0439,高松里,小港區,高雄市,高雄市,02000011439,200601,64000110023
02,000,00,011,0440,松金里,小港區,高雄市,高雄市,02000011440,200601,64000110024
02,000,00,011,0441,松山里,小港區,高雄市,高雄市,02000011441,200601,64000110025
02,000,00,011,0442,大坪里,小港區,高雄市,高雄市,02000011442,200601,64000110026
02,000,00,011,0443,坪頂里,小港區,高雄市,高雄市,02000011443,200601,64000110027
02,000,00,011,0444,孔宅里,小港區,高雄市,高雄市,02000011444,200601,64000110028
02,000,00,011,0445,廈莊里,小港區,高雄市,高雄市,02000011445,200601,64000110029
02,000,00,011,0446,合作里,小港區,高雄市,高雄市,02000011446,200601,64000110030
02,000,00,011,0447,桂林里,小港區,高雄市,高雄市,02000011447,200601,64000110031
02,000,00,011,0448,中厝里,小港區,高雄市,高雄市,02000011448,200601,64000110032
02,000,00,011,0449,鳳鳴里,小港區,高雄市,高雄市,02000011449,200601,64000110033
02,000,00,011,0450,龍鳳里,小港區,高雄市,高雄市,02000011450,200601,64000110034
02,000,00,011,0451,鳳森里,小港區,高雄市,高雄市,02000011451,200601,64000110035
02,000,00,011,0452,鳳林里,小港區,高雄市,高雄市,02000011452,200601,64000110036
02,000,00,011,0453,鳳興里,小港區,高雄市,高雄市,02000011453,200601,64000110037
02,000,00,011,0454,鳳源里,小港區,高雄市,高雄市,02000011454,200601,64000110038
02,000,00,011,0455,海澄里,小港區,高雄市,高雄市,02000011455,200601,
02,000,00,011,0456,海昌里,小港區,高雄市,高雄市,02000011456,200601,
02,000,00,011,0457,海豐里,小港區,高雄市,高雄市,02000011457,200601,
02,000,00,011,0458,海原里,小港區,高雄市,高雄市,02000011458,200601,
02,000,00,011,0459,海城里,小港區,高雄市,高雄市,02000011459,200601,
